Country,CountryCode,Continent,C,C_Test,Html,Html_test,Java,Java_test,PHP,PHP_test,InternetPenetration,InternetUsers,UploadSpeed,Download,FixedBroadbandSubscriptions,ChargesIntellProperty,GovernmentExpenditureOnEducation,GrossEnrolmentRatio,HighTechnologyExports,GINIindex,IncomeShareLow20,SurveyMeanIncome,Unemployment,UnemploymentTertiaryEducation,GDP_BM
Aruba,ABW,NA,1.918226025,0,4.795565061,0.959113012,2.877339037,0,3.836452049,0,78.9,88.66122693,NA,NA,18.56310004,104.8605218,6.036870003,16.90159988,5.449211108,NA,NA,NA,NA,4.400000095,25751
Angola,AGO,AF,0.023227942,0.003871324,0.011613971,0,0.023227942,0,0.019356619,0,19.1,12.4,3.7,5.37,0.412783677,0.042419385,3.438970089,9.923569679,NA,42.72,5.43,NA,6.800000191,NA,4102
Albania,ALB,EU,7.783173193,0.241071736,13.80996659,0.551021111,6.956641526,0.241071736,12.397975,0.860970486,60.1,63.2529327,4.63,7.88,6.527599404,7.546067569,3.538000107,62.70684814,1.487346477,28.96,8.85,7.41,16.10000038,15.30000019,3964
Andorra,AND,EU,7.229089858,0,7.229089858,1.445817972,10.1207258,0,8.674907829,1.445817972,94,96.91,NA,NA,35.89385301,NA,3.064419985,NA,17.59488547,NA,NA,NA,NA,NA,45033
United Arab Emirates,ARE,AS,7.17602332,0.291357338,7.996140271,0.291357338,4.478270192,0.140283163,7.629245845,0.151074175,88,91.24340578,10.68,29.44,11.55839995,NA,1.109439969,22.03907013,8.463408851,NA,NA,NA,3.599999905,33.20000076,40425
Argentina,ARG,SA,2.344501347,0.072980587,2.269240117,0.066138657,2.385552927,0.18473211,2.930626684,0.152803103,59.9,69.40092102,1.82,6.39,15.57170188,46.33697756,5.344099998,79.98670197,6.675735462,42.67,4.79,19.28,8.199999809,9.300000191,12622
Armenia,ARM,EU,31.75759274,2.875037012,51.81675902,6.24577006,20.2904911,1.850598536,56.905905,9.781735121,46.3,58.24933222,9.95,13.99,9.144970325,NA,2.240499973,44.25460815,5.274277394,31.48,8.45,6.25,17.10000038,52.59999847,3497
American Samoa,ASM,NA,14.38797166,0,8.992482285,1.798496457,16.18646811,0,12.5894752,1.798496457,15.3,NA,NA,NA,NA,NA,NA,NA,NA,NA,NA,NA,NA,NA,4294
Antigua and Barbuda,ATG,NA,3.234919882,0,4.313226509,0,4.313226509,0,4.313226509,0,63.4,65.2,NA,NA,11.83019262,12.87061844,2.554470062,23.48624039,0,NA,NA,NA,NA,NA,14411
Australia,AUS,OC,7.137177372,0.230364226,7.622587706,0.246818814,5.28192262,0.230364226,7.667837822,0.341432693,83,84.56051935,3.89,15.73,27.65955673,168.0134958,5.270659924,86.55455017,13.51306446,34.94,7.09,NA,6,19,56330
Austria,AUT,EU,2.555535342,0.093352889,1.983748896,0.105022,2.357160452,0.186705778,2.83559401,0.128360223,80.6,83.9263,6.74,25.66,27.6669166,185.5667099,5.56483984,79.99864197,13.88056139,30.48,7.78,53.73,5,22.10000038,43444
Azerbaijan,AZE,EU,0.972797442,0.040533227,1.195730189,0.020266613,0.922130909,0.101333067,1.519996003,0,58.7,77,3.17,4.92,19.94842398,2.919799087,2.462179899,23.15973091,7.002469096,31.79,8.42,NA,5.199999809,16.79999924,5497
Burundi,BDI,AF,0.008656089,0,0,0,0.008656089,0,0.008656089,0,1.3,4.866224464,NA,NA,0.016217116,0.001488312,5.414750099,4.408170223,1.283471453,33.36,8.92,NA,6.900000095,NA,276
Belgium,BEL,EU,3.622956459,0.070348669,3.060167106,0.123110171,3.236038779,0.211046007,4.106603559,0.272601093,82.2,85.0529,4.62,33.86,35.99290946,306.9753714,6.378739834,73.31880188,12.81095178,27.59,8.62,47.92,8.5,22.70000076,40216
Benin,BEN,AF,0.134328462,0,0.125373232,0.008955231,0.134328462,0.008955231,0.250746463,0.008955231,4.9,6.787702956,0.95,1.42,0.42850094,0.206999242,4.380730152,15.36277962,4.123387049,43.44,6.06,NA,1,NA,779
Burkina Faso,BFA,AF,0.010733227,0,0.01609984,0,0.01609984,0,0.026833067,0,4.4,11.38764617,0.29,0.84,0.030890465,0.013852172,4.500150204,4.775909901,10.64978246,35.3,8.31,NA,3.099999905,6.099999905,613
Bangladesh,BGD,AS,3.088191835,0.096371719,11.24786865,0.883918951,2.894220732,0.051561939,9.366471717,0.238167051,6.5,14.4,7.62,6.42,1.951372689,0.187133026,1.966169953,13.44079971,0.174566158,32.13,8.85,NA,4.300000191,15.89999962,1212
Bulgaria,BGR,EU,12.08825951,0.676266266,14.9905689,1.000310519,8.664661537,0.676266266,15.87816838,1.648399024,53.1,56.6563,22.45,33.66,20.65972954,32.06328902,3.523360014,70.78562927,7.648513048,36.01,6.16,15.73,11.60000038,13.19999981,6818
Bahrain,BHR,AS,2.505675355,0.143181449,2.362493906,0,1.78976811,0.143181449,2.577266079,0,90,93.47830114,NA,NA,21.3949592,NA,2.64470005,36.83768082,1.492744222,NA,NA,NA,3.900000095,20.20000076,23396
"Bahamas, The",BHS,NA,1.273178209,0,2.291720777,0,1.018542567,0,1.527813851,0,72,78,4.51,13.25,20.17089638,50.29331275,2.849989891,NA,0,NA,NA,NA,15.39999962,13.10000038,22897
Bosnia and Herzegovina,BIH,EU,12.04586687,0.447117329,19.59425943,0.683826504,10.83601998,0.368214271,19.12084109,0.604923446,67.9,65.0655028,2.02,8.9,14.1814646,1.816962996,NA,47.57777023,2.818924468,33.83,7.28,NA,27.89999962,9.100000381,4198
Belarus,BLR,EU,15.36673283,1.676946136,18.66789094,1.339447542,13.6581462,2.278115505,14.17494092,1.455462684,54.2,62.23036091,11.1,14.74,28.84034987,24.94481236,4.987510204,88.85703278,4.293314139,27.18,9.33,19.48,5.900000095,13.39999962,5742
Belize,BLZ,NA,4.632884761,0,3.542794229,0.272522633,2.180181064,0,2.452703697,0.272522633,31.7,41.59,1.7,3.23,2.913838673,13.49316725,6.217289925,24.18479919,0,53.26,3.21,NA,11.5,3.799999952,4897
Bermuda,BMU,NA,8.108721741,0,1.621744348,0,1.621744348,0,4.865233045,0,95.3,98.32360965,NA,NA,53.05601809,172.5442463,1.782850027,27.45973015,26.8315905,NA,NA,NA,NA,17.5,NA
Bolivia,BOL,SA,2.415414126,0.055104505,2.810329744,0.15612943,2.185812023,0.055104505,4.00426068,0.101024925,39.5,45.1,1.34,2.42,1.592812978,6.36711587,7.289140224,NA,12.83881006,48.4,3.59,13.69,2.700000048,28.29999924,3094
Brazil,BRA,SA,1.09129298,0.027675992,0.86415898,0.024335786,1.231581628,0.063463912,1.164300338,0.063941084,51.6,59.07947791,3.97,12.65,11.67573652,28.49519263,5.914309978,46.44657898,12.30504082,51.48,3.62,18.53,6.800000191,6.599999905,8538
Barbados,BRB,NA,3.508698062,0,6.315656512,0,2.80695845,0,7.719135737,0,75,76.11,NA,NA,27.1720512,42.70592161,6.711790085,65.43222809,18.34739621,NA,NA,NA,12,8.699999809,15896
Brunei Darussalam,BRN,AS,0.932674865,0,0.699506149,0,1.399012297,0,1.632181014,0,64.5,71.2,4.24,5.4,7.149962784,17.90753644,3.765949965,31.72533989,7.762844701,NA,NA,NA,3.799999952,6.800000191,NA
Bhutan,BTN,AS,2.16808251,0,11.09548108,0.637671326,4.718767815,0,5.101370611,0,29.9,39.8,4.22,4.81,3.26287437,0.858301796,5.903349876,10.92693043,0.023029919,38.81,6.73,8.08,2.799999952,32.40000153,2515
Botswana,BWA,AF,0.434061689,0,0.39065552,0,0.217030844,0,0.347249351,0,15,27.5,3.43,3.7,1.632993833,4.017821506,9.632920265,27.51321983,0.233371585,60.46,2.84,NA,18.20000076,6.099999905,6368
Central African Republic,CAF,AF,0.02000603,0,0.02000603,0,0,0,0.02000603,0,3.5,4.563264352,NA,NA,0.013369548,NA,1.228620052,2.774159908,0.038264507,56.24,3.33,NA,7.400000095,2.099999905,307
Canada,CAN,NA,9.287231699,0.217712553,9.780529762,0.407866555,7.619939361,0.322435047,10.29311881,0.65864937,85.8,88.47,6.28,24.23,35.37816978,308.8915673,5.27244997,NA,13.86650612,33.68,7.1,NA,6.900000095,36.70000076,43251
Switzerland,CHE,EU,6.193703975,0.143207028,2.673197862,0.501224599,5.131585181,0.381885409,5.453800995,0.525092437,86.7,87.97,8.7,46.32,42.47296117,1693.53662,5.053309917,57.22953033,26.83805522,31.64,8.09,66.19,4.5,26.60000038,80186
Channel Islands,CHI,EU,0.973709834,0,0.973709834,0,0.973709834,0,2.921129503,0,NA,NA,NA,NA,NA,NA,NA,NA,NA,NA,NA,NA,NA,NA,NA
Chile,CHL,SA,0.634243058,0.011030314,0.590121802,0.016545471,0.645273373,0.027575785,0.937576695,0.071697041,66.5,64.289,3.59,15.66,14.00852457,86.28067954,4.557439804,86.63069916,5.898681249,50.45,4.63,23.68,6.400000095,21.79999924,13383
China,CHN,AS,0.154450117,0.003472415,0.084857137,0.003978809,0.13918596,0.006655462,0.112564113,0.00694483,45.8,50.3,11.98,24.23,14.38408129,16.49173786,1.895930052,39.39038849,25.37201158,42.16,5.23,NA,4.699999809,NA,7925
Cameroon,CMR,AF,0.263329411,0,0.246610083,0.008359664,0.430522688,0.02089916,0.530838654,0.004179832,6.4,20.68014766,NA,NA,0.07120497,0.335906854,3.028340101,11.92603016,4.915212246,46.54,4.53,5.27,4.300000191,NA,1251
"Congo, Dem. Rep.",COD,AF,0.003763047,0,0,0,0.003763047,0.001254349,0.005017396,0,6.6,3.799999507,NA,NA,0.000720875,0.138952633,2.244750023,6.640759945,NA,42.1,5.54,1.51,8,NA,1851
"Congo, Rep.",COG,AF,0.10546316,0,0.063277896,0,0.126555793,0.042185264,0.126555793,0,2.2,7.615974662,NA,NA,0.010968294,NA,6.220789909,9.718799591,1.98498516,48.94,4.2,3.86,6.5,NA,455
Colombia,COL,SA,1.0029927,0.022608442,1.097537094,0.032885007,1.381170275,0.080157203,1.502433737,0.053438136,51.7,55.90497251,3.09,6.66,10.27718213,10.37936536,4.670800209,51.29100037,7.711730243,53.5,3.36,14.82,10.10000038,24.39999962,6056
Comoros,COM,AF,0,0,0.123897621,0,0.123897621,0,0,0,6.5,7.459161386,NA,NA,0.210382782,NA,5.071119785,8.928420067,0.118484821,55.93,4.01,NA,6.5,NA,790
Cabo Verde,CPV,AF,0.189755841,0,0,0,0.189755841,0,0.569267523,0,37.5,43.01962636,NA,NA,3.442955939,9.205154993,5.036930084,22.98217964,0,47.19,4.97,NA,9.199999809,NA,3135
Costa Rica,CRI,NA,4.179347108,0.164703334,4.405814192,0.082351667,4.076407524,0.144115418,4.096995441,0.123527501,46,59.76295014,2.04,5.1,10.44723766,89.55411015,7.011640072,53.03828049,43.32211704,48.53,4.2,22.23,8.300000191,13.5,10625
Curacao,CUW,NA,0,0,1.260755823,0,0,0,0.630377912,0,NA,NA,NA,NA,23.95387924,184.6643732,4.929900169,20.31263924,NA,NA,NA,NA,NA,NA,58808
Cayman Islands,CYM,NA,1.645711276,1.645711276,4.937133829,0,1.645711276,0,3.291422553,0,74.1,77,NA,NA,39.62617769,NA,NA,NA,NA,NA,NA,NA,NA,17,NA
Cyprus,CYP,EU,6.119337276,0.424953977,6.544291253,0.424953977,4.589502957,0.424953977,7.649171595,0.254972386,65.5,71.7159,2.13,8.78,21.12738475,NA,6.64467001,53.10435104,6.153058553,34.31,7.99,46.91,15.60000038,34.5,22957
Czech Republic,CZE,EU,4.436835672,0.312853797,4.161903547,0.587785922,3.403470098,0.369736306,5.299553719,0.663629267,74.1,81.2986,15.32,27.71,27.88349632,127.3625661,4.27011013,66.01725769,14.52191513,26.13,9.55,26.3,6.199999809,10.30000019,17233
Germany,DEU,EU,2.142971763,0.095435989,1.790974088,0.138815985,1.931029501,0.117745701,2.340040885,0.178477695,84,87.5898,3.92,28.8,35.77980739,114.3717423,4.939400196,65.47380066,16.66237488,30.13,8.37,52.79,5,13.39999962,41221
Dominica,DMA,NA,5.478251342,0,6.847814178,0,4.108688507,0,6.847814178,0,59,67.6,5.25,8.93,14.90855808,8.173923235,4.991839886,NA,8.834788722,NA,NA,NA,NA,2.099999905,7312
Denmark,DNK,EU,8.136010192,0.386592277,5.798884154,0.210868515,5.974607916,0.439309406,7.345253262,0.456881782,94.6,96.3305,31.01,41.76,41.52476231,264.5144581,8.547120094,81.51647186,15.91746301,29.08,8.48,49.05,6.599999905,22.20000076,51965
Dominican Republic,DOM,NA,2.150514814,0.103299838,1.868787982,0.065736261,1.587061151,0.056345366,2.150514814,0.093908944,45.9,51.93023274,3.31,5.18,5.698533776,7.731475778,2.051239967,47.51575851,3.729642824,47.07,4.93,12.4,15,17.5,6373
Algeria,DZA,AF,0.755400108,0.012383608,0.847038809,0.01486033,0.695958788,0.012383608,1.047653264,0.027243938,16.5,38.2,0.93,2.55,4.006346574,3.631523704,4.33701992,34.59381104,0.154142442,NA,NA,NA,9.5,23.10000038,4206
Ecuador,ECU,SA,0.518752918,0.006102976,0.372281506,0.006102976,0.54316482,0.036617853,0.683533257,0.024411902,40.4,48.94043379,4.06,5.65,8.256673168,6.848050183,4.165699959,40.48086166,7.169197661,45.38,4.84,11.88,4.599999905,25.89999962,6250
"Egypt, Arab Rep.",EGY,AF,3.254319652,0.092093284,3.64410983,0.07495965,2.430834356,0.08995158,2.757444259,0.088880728,49.6,35.9,0.98,2.82,3.679095785,2.639111098,3.760829926,31.67898941,1.310143373,NA,NA,NA,13.19999981,31.10000038,3615
Eritrea,ERI,AF,0.056057163,0,0.074742884,0,0.074742884,0,0.074742884,0,0.9,1.083733116,NA,NA,0.003059893,NA,2.127000093,2.565380096,18.21388577,NA,NA,NA,7.199999809,NA,695
Spain,ESP,EU,1.892993588,0.039075556,1.788792106,0.056442469,1.903847909,0.086834568,2.54425285,0.138935309,71.6,78.6896,7.21,26.51,27.63110934,96.39310649,4.304940224,89.07212067,7.146099369,35.89,5.76,36.25,24.70000076,22.5,25832
Estonia,EST,EU,8.631858126,0.15277625,14.20819125,0.45832875,10.00684438,0.9166575,18.18037375,1.604150625,80,88.4066,19.49,33.35,28.8999362,44.64752957,4.694310188,72.92471313,11.39134288,33.15,7.17,23.07,7.699999809,26,17321
Ethiopia,ETH,AF,0.113889326,0.005890827,0.089344212,0.000981805,0.105053085,0.001963609,0.118798348,0.002945414,1.9,11.6,9.06,8.35,0.488347718,0.024735615,4.498549938,8.126040459,4.003317802,33.17,8.03,NA,5.199999809,11.30000019,619
Finland,FIN,EU,9.286910127,0.108618832,4.996466267,0.579300437,7.440389985,0.343959634,8.146412392,0.760331823,91.5,92.6513,13.45,33.4,32.30460125,200.1406306,7.179480076,88.67154694,8.727074859,27.12,9.43,49.35,8.600000381,23.70000076,41936
Fiji,FJI,OC,1.225576216,0,0.334248059,0,1.002744177,0,1.448408255,0,37.1,46.32872895,3.45,7.45,1.400972011,0.753797662,3.877379894,NA,2.078431182,42.78,6.1,NA,7.900000095,13.39999962,4928
France,FRA,EU,1.804598367,0.055668844,1.354608543,0.077317839,1.555634925,0.106698618,2.072118091,0.162367462,81.9,84.6945,12.76,35.1,40.17401945,181.423199,5.533430099,64.39047241,28.45420839,33.1,7.8,52.53,9.899999619,23.10000038,36248
Faroe Islands,FRO,EU,171.7032967,0,34.34065934,34.34065934,68.68131868,0,34.34065934,34.34065934,90,94.2,2.89,12.06,34.98180348,188.3180548,NA,NA,0.616888403,NA,NA,NA,NA,NA,NA
Gabon,GAB,AF,0,0,0,0,0.056716929,0,0.056716929,0,9.2,23.5,4.44,4.23,0.631101377,NA,3.827090025,NA,2.997716664,42.18,5.82,NA,19.70000076,8.199999809,8289
United Kingdom,GBR,EU,5.155799523,0.165870226,7.038733754,0.231911149,3.79044183,0.136689353,6.958870312,0.314846262,89.8,92.0003,6.98,29.34,37.37610065,159.9676092,5.68625021,56.47676849,20.80256708,32.57,7.51,44.38,6.300000191,20.79999924,43733
Georgia,GEO,EU,8.392421593,1.055334452,8.995469851,0.552794237,4.397226883,0.527667226,8.61856469,0.904572387,43.1,45.15837441,14.56,15.59,13.89886561,5.259127141,1.983309984,39.17866898,5.557731032,40.09,5.59,6.58,13.39999962,39.79999924,3795
Ghana,GHA,AF,0.24256801,0,0.406658135,0,0.28537413,0.007134353,0.556479553,0.007134353,12.3,23.47812844,3.94,6.99,0.265371483,NA,6.030320168,15.56657028,4.882632009,42.77,5.24,NA,2.400000095,NA,1381
Gibraltar,GIB,EU,6.177987829,0,9.266981744,3.088993915,6.177987829,3.088993915,6.177987829,0,NA,65.017,NA,NA,44.31566388,NA,NA,NA,NA,NA,NA,NA,NA,NA,NA
Guinea,GIN,AF,0.030894897,0,0.015447448,0,0.030894897,0.015447448,0.023171173,0,1.6,4.7,0.44,1.41,0.007472664,0.115000964,3.540879965,10.84932995,4.862383892,33.73,7.56,NA,1.799999952,NA,531
"Gambia, The",GMB,AF,0.145986396,0,0.097324264,0,0.097324264,0,0.145986396,0,14,17.1198205,0.55,1.35,0.143691257,NA,2.76770997,3.104279995,0,47.33,4.77,NA,7,NA,428
Equatorial Guinea,GNQ,AF,0.114997119,0,0.114997119,0,0.114997119,0.114997119,0.114997119,0,16.4,21.31999999,NA,NA,0.498804078,NA,2.187969923,NA,NA,NA,NA,NA,7.900000095,NA,11056
Greece,GRC,EU,5.238354757,0.219791109,5.577199383,0.174001294,4.524033654,0.265580923,5.998465675,0.274738886,59.9,66.835,1.39,9.32,28.36049985,41.19010544,3.963959932,110.1626816,11.00418021,36.68,5.55,22.36,26.29999924,23.29999924,18042
Grenada,GRD,NA,1.863463993,0,5.59039198,0,0,0,2.79519599,0,35,53.81,NA,NA,17.69564358,60.52488754,3.926739931,52.77733994,11.05681048,NA,NA,NA,NA,NA,8891
Greenland,GRL,NA,3.558972169,0,0,0,0,0,0,0,65.8,67.60044348,NA,NA,18.19326849,NA,NA,NA,4.361305392,NA,NA,NA,NA,NA,NA
Guatemala,GTM,NA,0.455827989,0.005997737,0.353866465,0.005997737,0.455827989,0.029988683,0.605771406,0.029988683,19.7,27.1,1.79,3.88,2.734816025,10.72117752,2.842259884,18.32584,5.016108537,48.66,4.44,NA,2.900000095,8.399999619,3904
Guam,GUM,OC,1.743233349,0,1.743233349,0,0.581077783,0,1.162155566,0,65.4,73.13999995,NA,NA,1.790553042,NA,NA,NA,NA,NA,NA,NA,NA,NA,NA
Guyana,GUY,SA,0.519069309,0,1.297673272,0,0.778603963,0.129767327,1.038138617,0.129767327,33,38.2,1.7,2.39,5.627260703,31.21296858,3.19404006,12.48062038,0.216736804,44.55,4.52,NA,11.10000038,NA,4112
"Hong Kong SAR, China",HKG,AS,6.452273324,0.149736301,2.572741895,0.245023038,4.941297925,0.313084993,5.363282045,0.476433684,NA,84.94835296,89.25,96.12,31.42438621,265.3115857,3.571959972,68.7787323,10.69300473,NA,NA,NA,3.200000048,21,42398
Honduras,HND,NA,0.561694785,0,0.366322686,0,0.525062516,0,0.476219491,0.012210756,17.8,20.35686743,3.17,4.23,1.910867889,11.33096877,5.874939919,21.18413925,2.418959531,50.64,3.5,7.77,3.900000095,9.100000381,2494
Croatia,HRV,EU,13.301772,0.544378569,18.03549869,1.254437573,9.585796548,0.970413971,16.14200801,1.254437573,66.7,69.8031,3.65,10.06,23.04482351,65.31643394,4.157949924,69.54415131,8.96376634,32.51,6.87,17.24,16.70000076,13.39999962,11548
Haiti,HTI,NA,0.046090702,0,0.082963263,0,0.064526983,0,0.092181404,0,10.6,12.19776638,5.05,5.68,0,0.202026558,1.073989987,NA,3.543423516,60.79,1.98,NA,6.800000191,NA,829
Hungary,HUN,EU,4.775326489,0.274912186,4.693871026,0.234184455,4.042227326,0.549824372,6.098977754,0.488732775,72.6,72.8347,10.2,32.26,25.97897973,172.8385188,4.628779888,53.19281006,13.73819788,30.55,7.8,18.69,7.800000191,10.30000019,12252
Indonesia,IDN,AS,0.377617563,0.010361458,0.84925576,0.032619403,0.513084026,0.015350307,1.261411514,0.054877349,15.8,21.97606771,3.06,5.13,1.190284513,7.228757937,3.296430111,31.10210037,6.972299249,39.47,7.23,5.33,6.199999809,7.699999809,3347
Isle of Man,IMN,EU,5.654765271,0,7.916671379,0,0,0,5.654765271,0,NA,NA,NA,NA,NA,NA,NA,NA,NA,NA,NA,NA,NA,NA,NA
India,IND,AS,3.641011653,0.117048399,5.391386421,0.353330904,3.560517326,0.152848778,5.855736186,0.270123285,15.1,26,3.81,5.91,1.242699781,3.698340979,3.825599909,23.89011002,7.517758047,35.15,8.28,3.63,3.599999905,23.10000038,1582
Ireland,IRL,EU,7.509557184,0.25456126,9.3975532,0.275774699,8.527802226,0.65761659,8.61265598,0.275774699,78.2,80.1224,8.56,24.56,26.9118345,13836.24198,5.77466011,73.16847992,25.83143237,32.52,7.73,41.05,11.60000038,24.20000076,51297
Iceland,ISL,EU,15.0703181,0,13.86469266,0,12.96047357,0.301406362,15.97453719,0.301406362,96.5,98.2,36.95,43.4,35.9154697,356.9296775,7.047520161,82.22757721,19.91208832,26.94,9.18,46.47,5,24.20000076,50297
Israel,ISR,AS,7.95853457,0.402809265,5.907869221,0.256333169,5.761393124,0.207507803,5.627123369,0.219714145,70.8,78.8851791,3.32,28.02,27.24329902,135.518591,5.859940052,66.1810379,16.01278699,42.78,4.61,NA,6.099999905,28.10000038,35330
Italy,ITA,EU,1.764184427,0.048494169,1.617029707,0.053510807,1.493285966,0.085282849,2.030066251,0.102004976,58.5,65.5716,2.14,9.31,23.53658307,85.16596905,4.140530109,63.4550705,7.342364071,35.16,6.23,39.72,12.5,11.89999962,29848
Jamaica,JAM,NA,8.73950635,0.071342909,10.45173617,0.32104309,7.419662534,0.142685818,9.488606894,0.178357272,37.8,43.17589719,3.22,6.22,5.414891971,18.62191726,6.026060104,27.83267975,0.556905479,45.46,5.28,NA,13.19999981,3.900000095,5130
Jordan,JOR,AS,2.413588373,0.064534448,2.56847105,0.025813779,2.000567903,0.090348228,2.439402153,0.038720669,44.2,53.4,2.71,5.29,4.687432543,0.315274393,4.945139885,NA,1.552390639,NA,NA,NA,11.10000038,37,4936
Japan,JPN,AS,0.459137859,0.011082638,0.228777312,0.01583234,0.32693782,0.020582042,0.428264796,0.043538935,86.3,93.32941106,27.96,24.73,29.75510719,164.9484137,3.762949944,62.41162872,16.78252068,32.11,7.37,NA,3.700000048,33.20000076,32477
Kazakhstan,KAZ,AS,1.27132522,0.044804413,1.674564938,0.095209378,1.388936805,0.201619859,1.971394174,0.212820962,54,72.86601297,16.13,16.92,12.93439983,9.465970833,3.06072998,48.47533035,37.17247298,26.33,9.96,11.99,4.099999905,21.39999962,10511
Kenya,KEN,AF,1.316361748,0.012698023,2.025334715,0.046559419,1.792537621,0.029628721,2.873985939,0.044443082,39,45.62280061,6.07,7.47,0.223538938,3.202989737,5.508220196,NA,3.75860415,48.51,4.68,NA,9.199999809,NA,1377
Kyrgyz Republic,KGZ,AS,1.47503161,0.182307278,1.673912276,0.099440333,1.010976721,0.132587111,2.403141386,0.248600833,23.4,30.24704278,10.19,11.67,3.034765241,0.836240725,6.780200005,45.91783142,5.28717548,26.82,10.02,5.28,8.100000381,16.29999924,1103
Cambodia,KHM,AS,0.473866544,0.018954662,0.676049603,0.025272882,0.360138574,0.012636441,0.935096648,0.031591103,6,19,8,6.94,0.429061796,1.316368569,2.021120071,NA,0.30860022,30.76,9.05,5.36,0.400000006,NA,1159
Kiribati,KIR,OC,0.874087671,0,0,0,0,0,0,0,11.5,12.99748389,NA,NA,0.481037502,NA,11.98812008,NA,0.691640243,37.61,6.16,NA,NA,NA,1318
St. Kitts and Nevis,KNA,NA,3.559795668,0,7.119591335,0,3.559795668,0,3.559795668,0,NA,75.7,NA,NA,25.58542773,38.81657029,4.225299835,79.10482025,0.123009243,NA,NA,NA,NA,NA,15367
"Korea, Rep.",KOR,AS,0.338587492,0.003960088,0.138603067,0,0.285126309,0.007920175,0.198004381,0.011880263,NA,89.8962558,30.51,34.97,38.77630457,207.4400037,4.618229866,95.34542084,26.88054979,NA,NA,NA,3.5,21.10000038,27222
Kuwait,KWT,AS,1.197860023,0.049910834,0.723707097,0,0.8734396,0,0.773617932,0,75.5,82.07911476,7.85,9.63,1.379559696,NA,3.760010004,27.02705002,0.129891796,NA,NA,NA,3,9.600000381,28985
Lao PDR,LAO,AS,0.130088502,0,0.086725668,0,0.115634224,0.014454278,0.101179946,0,12.5,18.2,5.56,5.17,0.16371975,NA,4.190440178,17.29194069,NA,37.89,7.25,4.29,1.399999976,NA,1813
Lebanon,LBN,AS,1.836960412,0.05009892,1.53636689,0.01669964,1.51966725,0,1.937158252,0.06679856,70.5,74,1.17,3.19,22.79819989,5.931154966,2.572679996,42.77283096,2.069165314,NA,NA,NA,6.400000095,29.70000076,8052
St. Lucia,LCA,NA,1.073059238,0,4.292236953,0,3.219177715,0,3.755707334,0,35.2,52.35,NA,NA,15.34820641,21.30091193,4.841660023,16.86029053,5.186015595,42.58,5.23,NA,NA,4.5,7558
Liechtenstein,LIE,EU,0,0,2.647183397,0,2.647183397,0,7.941550191,0,93.8,96.6411951,NA,NA,41.96913481,NA,2.556040049,37.4887085,NA,NA,NA,NA,NA,NA,157040
Sri Lanka,LKA,AS,6.693634695,0.144155808,8.274543391,0.230649293,8.01986813,0.201818131,9.249997694,0.129740227,21.9,29.98873755,NA,NA,2.646679824,NA,1.621070027,20.70601082,0.836279814,39.16,7.14,7.51,4.599999905,40.79999924,3925
Lesotho,LSO,AF,0.138869023,0,0.231448372,0,0.185158697,0,0.138869023,0,5,16.0717077,5.52,7.27,0.071608683,1.794518314,12.98200989,9.842200279,0.003423032,54.18,2.84,NA,26.20000076,0.400000006,1019
Lithuania,LTU,EU,9.543759188,0.596484949,16.66649123,1.192969899,8.03500314,0.526310249,19.33312983,2.350852447,68.5,71.378,45.64,47.93,26.6551363,16.29959361,4.768789768,68.53141022,11.8604827,35.15,6.51,19.79,11.30000019,15.39999962,14173
Luxembourg,LUX,EU,19.60978268,0.1735379,4.685523295,0.520613699,17.52732788,0.3470758,10.75934979,1.214765299,93.8,97.3341,18.71,37.65,34.80133616,7835.91321,3.593019962,NA,6.823001118,34.79,7.06,70.85,6.099999905,32.20000076,101393
Latvia,LVA,EU,9.305930946,0.40905191,14.36794833,0.971498286,7.874249262,0.511314887,16.46433937,2.045259549,75.2,79.2006,38.07,42.03,24.74142759,22.81427332,4.914500237,67.03972626,14.94908483,35.48,6.34,17.94,10,16.5,13654
"Macao SAR, China",MAC,AS,0.66987537,0,0.502406527,0,0.502406527,0,0.837344212,0,65.8,77.60013186,NA,NA,28.06313327,315.279094,2.059390068,69.35510254,0.163745252,NA,NA,NA,1.5,22.10000038,78268
Morocco,MAR,AF,3.061717006,0.06605956,3.104799328,0.083292489,3.452330057,0.13211912,4.776393415,0.109141882,56,57.08,1.07,5.11,2.966153224,3.23194288,5.260640144,24.57193947,5.313836936,40.72,6.54,NA,10.19999981,18.5,2919
Monaco,MCO,EU,23.7699073,0,21.12880649,0,5.282201622,0,26.41100811,2.641100811,90.7,93.36330202,NA,NA,46.76088898,NA,1.021950006,NA,NA,NA,NA,NA,NA,NA,187650
Moldova,MDA,EU,14.27565101,0.246131914,15.23556547,1.378338718,10.09140847,0.566103402,18.16453525,1.94444212,48.8,49.83693954,NA,NA,14.7107512,6.60917519,7.484079838,41.27716827,3.988927282,26.83,9.72,9.35,3.400000095,23.5,1845
Madagascar,MDG,AF,0.168567587,0.004013514,0.284959493,0.016054056,0.220743269,0.016054056,0.505702762,0.02006757,2.2,4.17397219,10.12,16.37,0.105358222,0.80315823,2.079999924,4.245790005,0.571462588,42.65,5.73,NA,3.599999905,9.300000191,412
Maldives,MDV,AS,3.244891999,0.270407667,3.244891999,0,1.892853666,0,5.678560999,0.270407667,44.1,54.46195515,NA,NA,5.643794159,8.659362088,5.197850227,12.74713039,0,38.37,6.36,NA,11.60000038,NA,7666
Mexico,MEX,NA,0.579171572,0.01554823,0.546520289,0.012438584,0.516978652,0.018657876,0.698892944,0.026431991,43.5,57.43104299,5.55,11.7,10.23363759,4.423356292,5.154250145,29.9409008,14.68693681,48.21,5.07,10.69,4.900000095,24.79999924,9009
"Macedonia, FYR",MKD,EU,30.22567866,1.393552752,40.07665501,2.883212591,20.75913065,1.153285036,29.07239362,0.91301732,61.2,70.3802,6.6,13.01,16.79417046,25.40957626,3.300149918,39.35074997,2.987312334,44.05,5.39,9.74,27.89999962,16.60000038,4849
Mali,MLI,AF,0.005514249,0,0.005514249,0,0.005514249,0,0.005514249,0,2.3,10.33692498,2.06,2.58,0.018962183,NA,4.347869873,6.874780178,1.247504414,33.04,7.97,NA,8.100000381,NA,744
Malta,MLT,EU,10.48580246,0.714941077,13.34556677,0.476627385,9.055920308,0.714941077,13.34556677,0.714941077,68.9,76.184,NA,NA,35.23385083,1176.686873,6.759659767,45.08240891,34.41302833,NA,NA,NA,5.900000095,10.60000038,22713
Myanmar,MMR,AS,0.03678944,0,0.042307856,0,0.042307856,0,0.066220992,0.001839472,1.2,21.8,6.23,7.01,0.267317173,NA,1.202479959,13.52816963,0.001822921,NA,NA,NA,3.299999952,NA,1203
Montenegro,MNE,EU,9.583118379,0.958311838,18.20792492,1.597186396,9.423399739,0.798593198,17.728769,1.597186396,56.8,64.56499314,2.09,7.7,16.71053605,8.5079285,NA,55.34458923,NA,31.93,8.46,14.51,19.10000038,13.5,6440
Mongolia,MNG,AS,1.164166038,0.066523774,1.230689812,0.166309434,1.064380378,0.033261887,1.895927548,0.133047547,17.7,21.43603111,13.9,14.06,6.845490844,4.393103506,4.609020233,64.27417755,19.50950547,32.04,8.08,10.58,4.800000191,25.89999962,3972
Mozambique,MOZ,AF,0.024346673,0,0.034780961,0.003478096,0.069561922,0.003478096,0.041737153,0,5.4,9,1.67,2.66,0.075877375,0.699636803,6.480090141,5.974720001,11.61205432,45.58,5.22,NA,22.60000038,NA,525
Mauritania,MRT,AF,0.048002346,0,0.096004693,0,0.048002346,0,0.144007039,0,6.2,15.19912669,4.67,6.71,0.200780182,2.628858622,3.275449991,5.465159893,NA,32.42,7.55,NA,31,NA,1337
Mauritius,MUS,AF,3.209496352,0.078280399,5.32306712,0.078280399,3.757459144,0.156560798,5.557908316,0.234841196,39,50.13931848,NA,NA,14.56989587,14.97529829,4.984340191,38.67412186,0.05962622,35.84,7.42,11.56,7.699999809,19.89999962,9136
Malawi,MWI,AF,0.016901574,0,0.050704722,0,0.011267716,0,0.045070864,0,5.4,9.298148347,1.22,2.04,0.050870086,0.173300333,6.877920151,0.797730029,2.524308529,46.12,5.45,NA,7.5,NA,381
Malaysia,MYS,AS,2.090947977,0.045526083,2.123466608,0.032518631,1.954369727,0.120318935,2.637260979,0.14633384,67,71.06406781,5.08,6.61,10.13982558,46.94406631,6.093920231,29.69786072,42.80094544,46.26,4.56,NA,2,28.79999924,9766
Namibia,NAM,AF,0.19888774,0,0.278442836,0,0.238665288,0,0.278442836,0,13.9,22.30701479,5.58,9.09,1.755204882,3.501510729,8.349610329,9.330080032,2.680863622,60.97,3.27,NA,18.60000038,1.200000048,4693
New Caledonia,NCL,OC,0.375331699,0,0,0,0.750663399,0,0.375331699,0,66,74.00175279,1.92,8.13,22.4382659,15.1014633,NA,NA,13.05482036,NA,NA,NA,NA,3.5,39392
Niger,NER,AF,0.004827353,0,0,0,0.004827353,0,0.004827353,0,1.7,2.22016535,0.2,0.6,0.049636354,0.100041595,6.777969837,1.714589953,57.14815305,33.99,7.85,NA,5.099999905,NA,359
Nigeria,NGA,AF,0.133698732,0.00320877,0.238518537,0.001604385,0.165786427,0.004813154,0.32782929,0.012300283,38,47.44255029,4.07,5.53,0.008817092,1.376462567,3.063689947,10.40532017,2.10433253,42.97,5.37,NA,7.5,NA,2640
Nicaragua,NIC,NA,0.796743433,0.01626007,0.975604204,0.09756042,0.813003503,0.03252014,1.365845885,0.08130035,15.5,19.7042915,2.37,4.34,1.805870355,0.19730248,4.49311018,NA,0.385908705,47.05,4.85,9.5,5.300000191,19.60000038,2088
Netherlands,NLD,EU,8.27457258,0.241464396,5.765698616,0.636052554,6.761003076,0.459371289,8.733943869,0.765618815,94,93.0965,19.03,44.03,40.77378418,2792.937018,5.608129978,78.50106812,19.90183858,27.99,8.87,49.21,6.900000095,18.5,44424
Norway,NOR,EU,20.52368399,0.132777993,6.904455612,0.341429124,17.01455133,0.853572809,14.47280119,0.739763101,95.1,96.8103,23.02,34.09,38.82836822,127.0952354,7.371819973,76.78315735,20.75964409,25.9,9.3,65.77,3.400000095,26.10000038,74676
Nepal,NPL,AS,2.738233507,0.093585196,5.206109782,0.270357232,2.679309495,0.110915788,6.197419634,0.367408547,13.3,17.58161801,5.67,6.57,0.891164315,NA,4.715370178,15.83248043,0.622566089,32.84,8.32,NA,2.700000048,NA,732
New Zealand,NZL,OC,8.981016103,0.481908181,10.47055048,0.65714752,6.702904702,0.153334421,9.550543954,0.394288512,82.8,88.22288882,10.63,24.19,30.97982598,206.1872704,6.442649841,80.8829422,9.616627255,NA,NA,NA,5.599999905,25.70000076,37773
Oman,OMN,AF,0.687510997,0,0.902358184,0.021484719,0.601572123,0.021484719,0.751965154,0,66.5,74.17416597,2.29,14.77,4.509445072,NA,5.008369923,28.57509041,4.327856474,NA,NA,NA,7.199999809,4.400000095,15647
Pakistan,PAK,AS,6.276626851,0.19862415,8.79235988,0.384283277,4.402921752,0.109424793,9.009135062,0.259819057,10.9,18,1.59,3.16,1.084995545,0.846897482,2.466660023,10.35523033,1.41368704,30.69,9.2,4.42,5.199999809,28,1429
Panama,PAN,NA,1.102644693,0.025060107,1.152764907,0.050120213,1.20288512,0.050120213,1.854447893,0.07518032,42.9,51.20542499,2.74,6.61,7.897698864,25.11999442,3.29343009,38.73934937,0.000467016,50.7,3.37,20.72,4.300000191,26.5,13265
Peru,PER,SA,0.475227956,0.01258882,0.377664601,0.01258882,0.544466466,0.022030435,0.686090691,0.040913665,39.2,40.9,1.11,5.46,5.74296395,8.74892653,3.662539959,40.51279068,4.737721254,44.14,4.57,13.94,4.199999809,26.79999924,6121
Philippines,PHL,AS,6.094857598,0.04596571,10.13006017,0.19364278,4.68361249,0.094865402,8.947665623,0.123227224,37,40.7,1.46,3.52,2.897204314,5.432267783,3.41,35.75333023,53.0641174,43.04,5.92,6.91,7.099999905,41.29999924,2899
Palau,PLW,OC,0,0,4.650946468,0,0,0,0,0,NA,NA,NA,NA,5.261411575,NA,7.476890087,61.86380005,20.18030228,NA,NA,NA,NA,NA,14350
Papua New Guinea,PNG,OC,0.025719784,0,0.012859892,0,0.025719784,0,0.012859892,0,6.5,7.9,3.98,4.58,0.176562457,NA,7.389709949,NA,3.452289473,43.88,4.74,NA,2.5,NA,2222
Poland,POL,EU,3.897063524,0.171014756,3.586127604,0.393852165,3.295920746,0.318709317,4.702905782,0.697014686,62.8,67.997,7.48,21.97,18.92661232,77.63261269,4.813099861,71.15869141,8.777098319,32.08,7.99,22.34,9.199999809,16.10000038,12494
Puerto Rico,PRI,NA,1.358410681,0,1.439915322,0,0.869382836,0,1.195401399,0.054336427,73.9,79.46876883,2.66,13.87,16.56894979,NA,6.382400036,85.33583832,NA,NA,NA,NA,14.30000019,NA,28123
Portugal,PRT,EU,7.783057274,0.252318565,6.201213963,0.252318565,6.162395722,0.475523449,7.375465746,0.320250486,62.1,68.6329,6.16,28.32,25.66846341,65.74077776,5.12127018,65.60738373,4.584828192,36.04,6.45,25.11,14.19999981,16.39999962,19220
Paraguay,PRY,SA,0.386592381,0,0.416330257,0.014868938,0.654233261,0.029737875,0.669102199,0.014868938,36.9,44.38159692,3.78,3.52,2.67615303,2.71873258,4.963049889,35.08084869,5.680592694,51.67,3.85,18.77,4.5,19.60000038,4160
French Polynesia,PYF,OC,1.049923881,0,0.349974627,0,0,0,0.349974627,0,56.8,64.56020975,NA,NA,17.77476013,10.67525712,NA,NA,14.81855323,NA,NA,NA,NA,3.799999952,NA
Qatar,QAT,AS,3.054943597,0.130926154,3.054943597,0.087284103,1.832966158,0.043642051,2.400312826,0.043642051,85.3,92.88482645,6.82,16.36,9.904820108,NA,3.54895997,15.83137035,0.04899817,NA,NA,NA,0.300000012,38.90000153,74513
Romania,ROU,EU,11.21679573,0.330361218,13.89065684,0.877521985,8.295163708,0.511027509,14.93335943,1.445330329,49.8,55.7632,31.85,62.53,18.55741138,44.37851141,2.939549923,53.21585846,7.501692836,27.45,8.88,9.54,7,15.60000038,8974
Russian Federation,RUS,EU,6.540024392,0.53959907,6.622288849,0.614194807,4.309820999,0.62534931,7.028731043,1.029002878,61.4,73.41,24.81,25.82,17.51313356,55.66653341,4.154669762,78.65337372,11.45167273,41.59,5.9,25.11,5.099999905,36.90000153,9202
Rwanda,RWA,AF,0.050493294,0,0.050493294,0,0.08415549,0,0.100986588,0,8.7,18,6.11,10.01,0.02410734,0.074076205,5.02794981,7.529250145,11.89914302,50.44,5.19,2.71,0.600000024,8,697
Saudi Arabia,SAU,AS,0.886249861,0.018657892,0.811618294,0.012438595,0.634368322,0.018657892,0.755644619,0.009328946,60.5,69.6162358,3.63,10.64,10.32446733,NA,5.13781023,61.11201859,0.576335405,NA,NA,NA,5.599999905,49.79999924,20482
Senegal,SEN,AF,0.083389541,0,0.083389541,0.00641458,0.134706182,0,0.160364502,0.00641458,20.9,21.69026413,3.56,6.08,0.710481063,NA,5.599989891,7.389460087,3.554892989,40.29,6.06,3.16,10,2.5,911
Singapore,SGP,AS,12.11268802,0.228210064,9.163511809,0.315983166,11.39294859,0.649520952,10.58543606,0.702184813,73,82.103,78.69,97.67,26.71692494,3573.81375,2.905060053,NA,47.18240356,NA,NA,NA,3,49,52841
Sierra Leone,SLE,AF,0,0,0.045509005,0,0.015169668,0,0.030339336,0,1.7,2.5,NA,NA,NA,0.160940727,2.760710001,NA,0.02729256,33.99,7.91,NA,3.299999952,NA,694
El Salvador,SLV,NA,1.529345787,0.08134818,1.317840518,0.048808908,1.529345787,0,2.196400864,0.08134818,23.1,26.91507533,3.37,5.33,4.995729784,11.18901503,3.417490005,28.85296059,4.38507398,41.84,5.72,9.96,6.199999809,0.100000001,4217
San Marino,SMR,EU,3.129890454,0,0,0,3.129890454,0,0,0,50.8,49.6,NA,NA,36.98201473,NA,2.383729935,59.84899902,NA,NA,NA,NA,NA,22.39999962,49615
Somalia,SOM,AF,0.072208598,0,0.072208598,0,0.036104299,0,0.081234673,0,1.5,1.76,NA,NA,0.647809188,NA,1.277279973,NA,NA,NA,NA,NA,6.900000095,NA,552
Serbia,SRB,EU,0,0.60140445,28.20927286,1.509184751,13.73017706,0.737571495,24.57815166,1.690740811,51.5,65.3170254,2.46,12.17,15.56662123,31.63941659,4.426569939,58.05496979,3.63211646,29.06,8.57,12.7,22.20000076,17.70000076,5143
Sao Tome and Principe,STP,AF,0,0,0.514429755,0,0.514429755,0,0.514429755,0,23,25.8222488,NA,NA,0.555886842,0.167987415,3.876919985,9.753270149,0.770496709,30.82,8.38,NA,NA,NA,1774
Suriname,SUR,SA,0,0,2.00872884,0.182611713,0.365223425,0,1.460893702,0,37.4,42.76382778,1.89,4.11,8.530587857,25.52502163,NA,NA,20.74938478,57.61,NA,NA,5.599999905,1.399999976,9033
Slovak Republic,SVK,EU,3.388945187,0.165763623,3.628381532,0.165763623,2.707472514,0.165763623,4.291436025,0.239436345,77.9,85.01951406,12.25,24.2,21.84052742,123.90813,4.1051898,52.92351151,10.01804148,26.12,8.62,28,13.30000019,10.19999981,15975
Slovenia,SVN,EU,9.278221983,0.193296291,11.69442562,0.579888874,8.311740527,0.434916655,13.38576817,1.208101821,72.7,73.0987,7.48,22.25,26.77862509,117.1508315,5.661610126,82.92642975,6.439154181,25.59,9.43,32.97,9.5,19.89999962,20713
Sweden,SWE,EU,13.78421032,0.243609019,6.415037498,0.466917286,11.0233081,0.680075178,10.33308255,0.609022547,94.8,90.6102,27.66,49.25,34.07038808,388.8626923,7.717730045,62.35348129,14.25269615,27.32,8.7,50.46,8,20.20000076,50267
Swaziland,SWZ,AF,0.460100471,0,0.306733647,0,0.306733647,0,0.306733647,0,24.7,30.38270066,1.73,2.17,0.402302115,50.81783926,8.636949539,5.328879833,0.115640868,51.45,4,NA,22.29999924,NA,3147
Seychelles,SYC,AF,0,0,3.091954734,1.030651578,1.030651578,0,3.091954734,0,50.4,58.11869757,NA,NA,12.67549782,29.64074409,3.606460094,6.469399929,3.350804688,46.82,5.42,NA,NA,NA,15978
Togo,TGO,AF,0.093372762,0,0.026677932,0,0.093372762,0,0.080033796,0,4.5,7.12,1.59,2.13,0.180316889,0.052609827,4.83796978,10.11762047,0.41110012,46.02,4.83,2.71,6.900000095,NA,548
Thailand,THA,AS,0.456369003,0.014674244,0.585502354,0.030815913,0.363921263,0.008804547,0.723440252,0.046957582,28.9,39.31612674,8.57,21,8.092471722,58.4394358,4.125669956,52.50537109,20.43143999,37.85,6.93,14.77,0.899999976,31,5816
Tajikistan,TJK,AS,0.219160031,0.023069477,0.276833724,0.023069477,0.219160031,0.034604215,0.2999032,0.011534738,16,18.98,17.16,17.29,0.072541782,0.001792061,4.018030167,24.47492027,41.7450495,30.76,8.79,NA,10.89999962,4.599999905,926
Turkmenistan,TKM,AS,0.018386848,0,0.11032109,0,0.036773697,0,0.147094786,0.018386848,9.6,14.99677482,NA,NA,0.04333759,NA,3.049249887,7.98443985,4.952147411,40.77,6.14,NA,10.5,NA,6952
Tonga,TON,OC,0,0,0.935322452,0.935322452,0,0,0.935322452,0.935322452,35,44.99951883,NA,NA,1.701612751,NA,3.898720026,NA,2.374890466,38.1,6.58,NA,NA,0.899999976,3945
Trinidad and Tobago,TTO,SA,2.344368716,0,3.150245463,0,1.611753493,0,2.857199373,0.219784567,63.8,69.19847061,4.05,11.84,18.35542149,NA,3.136600018,NA,0.100109511,40.27,5.5,NA,4,5.199999809,20444
Tunisia,TUN,AF,11.56021598,0.158238698,10.31188847,0.369223628,13.23930438,0.474716093,14.88322863,0.254940124,43.8,48.51983599,1.96,3.64,4.486233076,1.749972948,6.238299847,34.58367157,4.941424348,35.81,6.73,NA,13.30000019,30.89999962,3872
Turkey,TUR,EU,1.136619647,0.035166133,0.786214253,0.027630533,0.78495832,0.040189866,0.897992318,0.054005132,46.3,53.74497914,3.5,12.14,11.69133624,8.606023734,2.862469912,78.98194885,2.159703396,40.18,5.84,17.01,9.199999809,21,9130
Tanzania,TZA,AF,0.023569737,0,0.045326418,0.001813057,0.041700304,0,0.063456985,0.003626113,4.4,5.355144064,4.41,5.48,0.16667501,0.02054718,3.481430054,3.647320032,2.736665741,37.78,7.37,2.67,3.099999905,2.700000048,840
Uganda,UGA,AF,0.168639216,0.002479988,0.218238986,0,0.220718974,0.004959977,0.379438237,0.004959977,16.2,19.22109963,3.94,4.75,0.291932289,0.312138735,2.200930119,NA,2.442687569,41.01,6.36,3.39,3.799999952,NA,676
Ukraine,UKR,EU,18.71622936,1.443157532,30.99427302,2.946820116,16.26689522,1.723273512,27.40654754,3.569798056,41.8,49.26,21.13,24.13,9.293523561,12.21287573,6.671649933,82.30503082,6.512156626,24.09,10.45,12.63,7.699999809,47.09999847,2005
Uruguay,URY,SA,7.258851516,0.319389467,6.155506086,0.261318655,7.491134765,0.377460279,6.242612304,0.348424873,58.1,64.6,6.33,24.33,24.57842088,14.12874753,4.355269909,NA,7.929793928,41.6,5.19,25.12,7,16.20000076,15581
United States,USA,NA,6.000886336,0.164445883,8.088084076,0.238801338,4.956824672,0.177712624,6.413080893,0.255461896,84.2,74.55,9.54,32.14,30.32087809,131.292872,5.223889828,86.66396332,19.00799373,41.06,5.1,NA,6.199999809,18.39999962,55837
Uzbekistan,UZB,AS,0.442237715,0.049504222,0.570948692,0.039603377,0.382832649,0.019801689,0.603951506,0.029702533,38.2,42.8,3.37,3.27,2.797791094,NA,NA,8.934189796,NA,35.27,7.42,NA,10.60000038,NA,2132
St. Vincent and the Grenadines,VCT,NA,0.909165295,0,3.636661181,0,0.909165295,0,2.727495886,0,52,51.77,NA,NA,13.45512064,30.9082807,5.085229874,NA,0.058444023,NA,NA,NA,NA,0.200000003,6827
"Venezuela, RB",VEN,SA,2.0971574,0.022208929,2.185993114,0.053935969,2.33828291,0.082490306,3.461420156,0.088835714,54.9,61.86924809,0.6,2.23,7.779508983,12.85839439,6.874670029,76.97959137,1.130332031,46.94,3.18,NA,8.600000381,35.59999847,11936
British Virgin Islands,VGB,NA,6.523369973,0,3.261684986,0,3.261684986,0,0,0,NA,NA,NA,NA,22.38288635,NA,4.358960152,62.48709869,NA,NA,NA,NA,NA,9.399999619,NA
Virgin Islands (U.S.),VIR,NA,6.578020016,0,2.819151435,0,6.578020016,0,8.457454306,0,45.3,54.8391373,NA,NA,8.521237546,NA,NA,NA,NA,NA,NA,NA,NA,NA,NA
Vietnam,VNM,AS,1.677180812,0.046588356,1.802122311,0.059294271,1.544827528,0.083647275,2.155770286,0.109059106,43.9,52.72,15.96,17.58,6.483694578,NA,6.303110123,30.47773933,26.93151778,37.59,6.59,8.24,2.299999952,NA,2111
Vanuatu,VUT,OC,0.739453544,0,0.369726772,0,0.369726772,0,0.739453544,0,11.3,22.35140458,11.72,15.41,1.768866555,0.778634658,4.910830021,NA,53.9694268,37.19,6.7,NA,NA,NA,3019
Samoa,WSM,OC,4.112624214,0,2.570390134,0.514078027,4.626702241,0,3.598546187,0.514078027,15.3,25.40700977,NA,NA,1.053531494,9.603308164,5.144209862,NA,1.670641147,42.69,6.32,NA,NA,NA,4005
"Yemen, Rep.",YEM,AS,0.080065217,0,0.076425889,0.007278656,0.043671936,0,0.058229249,0.003639328,20,25.0995144,NA,NA,1.361715326,0.178889443,4.560599804,9.974599838,1.209140962,NA,NA,NA,17.39999962,NA,1340
South Africa,ZAF,AF,1.109516419,0.027283191,1.227743578,0.023645432,0.836684512,0.030920949,1.113154177,0.040015346,48.9,51.91911572,2.88,6.39,3.211005186,31.5154499,6.056280136,19.66282082,5.854429201,63.38,2.47,NA,25.10000038,6.800000191,5691
Zambia,ZMB,AF,0.113654499,0,0.131599947,0,0.095709052,0,0.131599947,0.005981816,15.4,21,5.91,7.33,0.141621711,0.116276653,1.099720001,NA,1.704070914,55.62,3.81,NA,13.30000019,NA,1361
